{"cameraMode":{"drawMode":0,"name":"Shaded","section":"Shading Mode"},"sceneLighting":true,"audioPlay":false,"sceneViewState":{"m_AlwaysRefresh":false,"showFog":true,"showSkybox":true,"showFlares":true,"showImageEffects":true,"showParticleSystems":true,"showVisualEffectGraphs":true,"m_FxEnabled":true},"in2DMode":false,"pivot":{"x":31.57159423828125,"y":14.13874626159668,"z":-51.71190643310547},"rotation":{"x":0.028494983911514283,"y":0.1464056521654129,"z":-0.004219298716634512,"w":0.9888042211532593},"size":12.12435531616211,"orthographic":false}